City_ID,City,Country,Date,Lat,Lng,Max Temp,Humidity,Cloudiness,Wind Speed
0,Bredasdorp,ZA,2021-03-25 01:08:52,-34.5322,20.0403,64.4,88,99,9.22
1,Saldanha,ZA,2021-03-25 01:07:55,-33.0117,17.9442,69.8,68,0,2.3
2,Ushuaia,AR,2021-03-25 01:05:11,-54.8,-68.3,42.8,75,20,28.77
3,Tahoua,NE,2021-03-25 01:08:52,14.8888,5.2692,81.18,9,100,11.21
4,Nouadhibou,MR,2021-03-25 01:08:52,20.931,-17.0347,64.4,94,75,13.8
5,Kruisfontein,ZA,2021-03-25 01:02:42,-34.0033,24.7314,70.0,81,100,5.99
6,Bocas Del Toro,PA,2021-03-25 01:08:53,9.3333,-82.25,64.0,71,6,5.99
7,Varna,BG,2021-03-25 01:04:34,43.2167,27.9167,30.99,86,20,8.05
8,Port Alfred,ZA,2021-03-25 01:06:24,-33.5906,26.891,68.5,85,100,15.48
9,Barcanesti,RO,2021-03-25 01:08:53,44.8833,26.05,32.0,100,90,5.75
10,Margate,GB,2021-03-25 01:06:30,51.3813,1.3862,48.0,77,100,1.01
11,Anupgarh,IN,2021-03-25 01:08:54,29.1911,73.2086,66.42,49,3,5.28
12,Busselton,AU,2021-03-25 01:08:54,-33.65,115.3333,64.0,75,25,1.01
13,Georgetown,MY,2021-03-25 01:08:55,5.4112,100.3354,80.01,94,20,5.75
14,Boa Vista,BR,2021-03-25 01:04:03,2.8197,-60.6733,77.0,88,90,8.05
15,Korla,CN,2021-03-25 01:07:56,41.7597,86.1469,47.64,32,0,7.81
16,Mahon,ES,2021-03-25 01:08:55,39.8885,4.2658,50.0,93,0,6.91
17,Vestmanna,FO,2021-03-25 01:08:55,62.1564,-7.1664,39.2,87,24,2.3
18,Fidenza,IT,2021-03-25 01:08:56,44.864,10.0667,44.01,73,0,2.15
19,Lebedyn,UA,2021-03-25 01:08:56,50.5852,34.4849,28.85,78,98,13.29
20,Kavaratti,IN,2021-03-25 01:08:56,10.5669,72.642,82.56,74,79,5.99
21,Alice Town,BS,2021-03-25 01:08:56,25.7167,-79.3,75.74,75,30,13.71
22,Beyneu,KZ,2021-03-25 01:08:57,45.3167,55.2,51.31,92,35,8.39
23,Teguldet,RU,2021-03-25 01:08:57,57.3064,88.1667,24.1,91,100,10.54
24,Mitsamiouli,KM,2021-03-25 01:06:34,-11.3847,43.2844,82.27,71,5,2.71
25,Morros,BR,2021-03-25 01:08:57,-9.4467,-46.3003,75.85,64,24,1.61
26,Amapa,BR,2021-03-25 01:08:58,1.0,-52.0,69.42,99,100,1.54
27,Torbay,CA,2021-03-25 01:08:58,47.6666,-52.7314,36.0,69,75,5.75
28,Narsaq,GL,2021-03-25 01:06:45,60.9167,-46.05,15.8,53,75,14.97
29,Putina,PE,2021-03-25 01:08:58,-15.4667,-69.4333,44.1,81,43,10.47
30,Pangnirtung,CA,2021-03-25 01:08:59,66.1451,-65.7125,-25.04,97,100,2.44
31,Vila Velha,BR,2021-03-25 01:05:25,-20.3297,-40.2925,78.8,83,75,4.61
32,Hithadhoo,MV,2021-03-25 01:08:59,-0.6,73.0833,83.01,70,82,11.23
33,Azuaga,ES,2021-03-25 01:08:59,38.2667,-5.6833,51.01,69,15,3.0
34,Saint-Georges,GD,2021-03-25 01:08:59,12.0564,-61.7485,78.8,78,20,11.5
35,Dikson,RU,2021-03-25 01:09:00,73.5069,80.5464,-3.87,99,96,3.44
36,Cidreira,BR,2021-03-25 01:06:39,-30.1811,-50.2056,73.29,78,3,10.22
37,Basse-Pointe,MQ,2021-03-25 01:09:00,14.8695,-61.115,77.0,78,40,11.5
38,Sisimiut,GL,2021-03-25 01:07:52,66.9395,-53.6735,-1.14,93,100,7.87
39,Nanortalik,GL,2021-03-25 01:09:00,60.1432,-45.2371,17.37,57,43,33.98
40,Santiago De Cao,PE,2021-03-25 01:09:01,-7.9589,-79.2392,69.8,88,40,10.36
41,Port-Gentil,GA,2021-03-25 01:09:01,-0.7193,8.7815,80.4,76,100,10.0
42,Sao Filipe,CV,2021-03-25 01:06:50,14.8961,-24.4956,71.67,74,1,16.69
43,Sorland,NO,2021-03-25 01:06:35,67.667,12.6934,37.15,81,100,16.4
44,Tasiilaq,GL,2021-03-25 01:06:16,65.6145,-37.6368,5.0,66,75,9.22
45,Caravelas,BR,2021-03-25 01:07:47,-17.7125,-39.2481,75.22,83,0,5.06
46,Waddan,LY,2021-03-25 01:08:24,29.1614,16.139,48.15,62,6,3.91
47,Tenenkou,ML,2021-03-25 01:09:02,14.4572,-4.9169,85.06,9,85,19.62
48,Port Elizabeth,ZA,2021-03-25 01:09:03,-33.918,25.5701,68.0,88,75,8.05
49,Qaanaaq,GL,2021-03-25 01:07:02,77.484,-69.3632,-19.77,56,16,8.01
50,Morondava,MG,2021-03-25 01:06:49,-20.2833,44.2833,76.14,78,0,3.31
51,Kristiansund,NO,2021-03-25 01:09:03,63.1115,7.732,41.0,60,90,9.22
52,Mogadishu,SO,2021-03-25 01:09:03,2.0371,45.3438,77.76,78,2,13.09
53,Huarmey,PE,2021-03-25 01:08:16,-10.0681,-78.1522,71.92,78,100,8.52
54,Atar,MR,2021-03-25 01:09:04,20.5169,-13.0499,78.75,14,0,8.08
55,The Valley,AI,2021-03-25 01:09:04,18.217,-63.0578,78.8,73,20,6.91
56,Bereznik,RU,2021-03-25 01:09:04,62.8551,42.7072,36.09,89,100,11.48
57,Melendugno,IT,2021-03-25 01:09:04,40.2747,18.3368,48.2,87,20,11.5
58,Mar Del Plata,AR,2021-03-25 01:08:23,-38.0023,-57.5575,70.0,88,75,3.44
59,Klaksvik,FO,2021-03-25 01:06:34,62.2266,-6.589,39.2,87,16,2.3
60,Sharjah,AE,2021-03-25 01:09:05,25.3573,55.4033,77.0,49,0,3.44
61,Ilovlya,RU,2021-03-25 01:09:05,49.3033,43.9796,33.8,93,75,20.13
62,Feijo,BR,2021-03-25 01:09:06,-8.1642,-70.3536,72.73,97,99,2.35
63,Jamestown,US,2021-03-25 01:04:22,42.097,-79.2353,60.01,72,20,11.41
64,Ampanihy,MG,2021-03-25 01:09:06,-24.7,44.75,66.13,87,4,5.5
65,Bani,DO,2021-03-25 01:08:31,18.2833,-70.3333,78.01,79,14,9.35
66,Saint Anthony,US,2021-03-25 01:09:06,45.0205,-93.218,42.01,75,90,14.97
67,Dingle,PH,2021-03-25 01:07:23,10.9995,122.6711,82.96,73,100,14.92
68,Puerto Leguizamo,CO,2021-03-25 01:09:07,-0.1934,-74.7819,73.04,96,98,1.28
69,Mweka,CD,2021-03-25 01:09:07,-4.85,21.5667,68.27,99,99,2.04
70,Camacha,PT,2021-03-25 01:09:07,33.0833,-16.3333,62.6,82,40,16.11
71,Los Llanos De Aridane,ES,2021-03-25 01:06:07,28.6585,-17.9182,64.4,77,0,8.05
72,Kudahuvadhoo,MV,2021-03-25 01:09:00,2.6708,72.8944,81.63,71,67,3.38
73,Victoria,HK,2021-03-25 01:04:40,22.2855,114.1577,71.01,72,95,14.0
74,Grindavik,IS,2021-03-25 01:07:41,63.8424,-22.4338,28.4,86,75,1.14
75,Saint-Philippe,RE,2021-03-25 01:09:08,-21.3585,55.7679,77.0,73,0,6.91
76,Cape Town,ZA,2021-03-25 01:09:08,-33.9258,18.4232,68.0,82,0,2.3
77,Arraial Do Cabo,BR,2021-03-25 01:07:39,-22.9661,-42.0278,77.0,88,0,4.36
78,Iqaluit,CA,2021-03-25 01:09:09,63.7506,-68.5145,-16.01,69,75,4.0
79,Bambous Virieux,MU,2021-03-25 01:09:09,-20.3428,57.7575,77.0,100,20,4.61
80,Coquimbo,CL,2021-03-25 01:09:09,-29.9533,-71.3436,59.0,88,0,3.44
81,East London,ZA,2021-03-25 01:09:10,-33.0153,27.9116,68.05,86,100,10.67
82,Hermanus,ZA,2021-03-25 01:06:23,-34.4187,19.2345,68.0,82,0,5.99
83,Lebu,CL,2021-03-25 01:09:10,-37.6167,-73.65,54.43,65,50,18.43
84,Inyonga,TZ,2021-03-25 01:09:10,-6.7167,32.0667,62.24,96,54,2.55
85,Olafsvik,IS,2021-03-25 01:07:44,64.8945,-23.7142,31.21,62,85,10.74
86,Hamilton,US,2021-03-25 01:05:35,39.1834,-84.5333,66.99,45,20,9.22
87,Colares,PT,2021-03-25 01:09:11,38.7992,-9.4469,54.0,76,64,11.99
88,Qasigiannguit,GL,2021-03-25 01:09:11,68.8193,-51.1922,-4.0,77,90,5.75
89,Siniscola,IT,2021-03-25 01:09:11,40.5719,9.6922,42.8,93,0,4.61
90,Kambove,CD,2021-03-25 01:09:12,-10.8764,26.5969,59.5,98,63,3.51
91,Grand Gaube,MU,2021-03-25 01:06:25,-20.0064,57.6608,77.0,87,24,1.99
92,Karabuk,TR,2021-03-25 01:09:12,41.2049,32.6277,28.44,96,100,2.17
93,Choma,ZM,2021-03-25 01:09:12,-16.8065,26.9531,59.34,96,0,4.21
94,Kintinku,TZ,2021-03-25 01:09:12,-5.8833,35.2333,65.17,90,8,3.51
95,Araouane,ML,2021-03-25 01:07:21,18.9048,-3.5265,70.93,8,9,13.96
96,Naifaru,MV,2021-03-25 01:09:13,5.4444,73.3657,82.06,72,74,2.53
97,Panaba,MX,2021-03-25 01:09:13,21.2833,-88.2667,79.86,67,0,16.78
98,Mahebourg,MU,2021-03-25 01:08:00,-20.4081,57.7,73.4,100,20,4.61
99,Thompson,CA,2021-03-25 01:07:10,55.7435,-97.8558,12.2,48,75,6.91
100,Thomaston,US,2021-03-25 01:09:14,32.8882,-84.3266,68.0,77,90,6.91
101,Kaffrine,SN,2021-03-25 01:09:14,14.1059,-15.5508,84.2,24,0,13.8
102,Santo Estevao,BR,2021-03-25 01:09:15,-12.4303,-39.2514,71.13,84,5,5.14
103,Bengkulu,ID,2021-03-25 01:06:54,-3.8004,102.2655,76.64,77,100,3.31
104,Sao Miguel Do Araguaia,BR,2021-03-25 01:09:15,-13.275,-50.1628,75.96,69,100,3.44
105,Saint-Junien,FR,2021-03-25 01:09:15,45.8833,0.9,43.0,81,20,10.36
106,Upernavik,GL,2021-03-25 01:07:18,72.7868,-56.1549,-24.5,94,65,4.41
107,Jaguaquara,BR,2021-03-25 01:09:16,-13.5306,-39.9708,60.91,96,5,3.44
108,Norrtalje,SE,2021-03-25 01:09:16,59.758,18.705,43.0,75,0,11.5
109,Rawson,AR,2021-03-25 01:06:34,-43.3002,-65.1023,56.14,54,0,10.71
110,Kidal,ML,2021-03-25 01:09:17,18.4411,1.4078,73.08,7,4,14.38
111,Bathsheba,BB,2021-03-25 01:06:26,13.2167,-59.5167,78.8,61,40,16.11
112,Carbonear,CA,2021-03-25 01:09:17,47.7332,-53.2148,35.01,69,75,5.75
113,Ponta Do Sol,PT,2021-03-25 01:07:43,32.6667,-17.1,57.0,68,100,1.01
114,Finnsnes,NO,2021-03-25 01:09:18,69.2296,17.9811,39.2,75,100,20.71
115,Mezen,RU,2021-03-25 01:09:18,65.8522,44.24,34.97,99,100,14.52
116,Laguna,US,2021-03-25 01:07:38,38.421,-121.4238,66.2,20,1,6.91
117,Yarada,IN,2021-03-25 01:09:18,17.65,83.2667,71.6,88,14,2.3
118,Behshahr,IR,2021-03-25 01:09:19,36.6923,53.5526,71.31,40,100,6.24
119,Vardo,NO,2021-03-25 01:07:32,70.3705,31.1107,34.56,78,98,28.7
120,Olinda,BR,2021-03-25 01:09:19,-8.0089,-34.8553,80.6,65,40,9.22
121,Varkaus,FI,2021-03-25 01:09:19,62.3153,27.873,36.0,93,90,6.91
122,Helsinki,FI,2021-03-25 01:09:20,60.1695,24.9355,36.0,100,90,8.05
123,Bousse,BF,2021-03-25 01:09:20,12.6606,-1.8922,82.69,15,100,10.07
124,Luderitz,NA,2021-03-25 01:07:54,-26.6481,15.1594,63.99,85,1,6.2
125,Conde,BR,2021-03-25 01:09:20,-7.2597,-34.9075,75.2,100,90,5.75
126,Kenitra,MA,2021-03-25 01:09:21,34.261,-6.5802,42.8,100,6,1.81
127,Longyearbyen,SJ,2021-03-25 01:06:16,78.2186,15.6401,26.6,74,40,12.66
128,Barzas,RU,2021-03-25 01:09:21,55.7167,86.3167,23.0,86,75,13.42
129,Bilma,NE,2021-03-25 01:08:08,18.6853,12.9164,71.55,10,0,19.44
130,Myszkow,PL,2021-03-25 01:09:21,50.5752,19.3246,39.0,100,100,2.44
131,Sioux Lookout,CA,2021-03-25 01:09:22,50.1001,-91.917,26.6,80,90,8.05
132,Faya,SA,2021-03-25 01:09:22,18.3851,42.4509,60.8,51,0,6.91
133,A Coruna,ES,2021-03-25 01:09:23,43.3713,-8.396,50.0,100,0,4.61
134,Souillac,MU,2021-03-25 01:06:55,-20.5167,57.5167,73.4,100,20,4.61
135,Port Hawkesbury,CA,2021-03-25 01:09:23,45.6169,-61.3485,50.0,76,1,5.75
136,Goderich,CA,2021-03-25 01:09:23,43.7501,-81.7165,62.6,55,8,18.41
137,Bria,CF,2021-03-25 01:09:24,6.5423,21.9863,73.92,67,99,1.61
138,San Pedro,PH,2021-03-25 01:09:24,14.35,121.0167,87.01,58,20,3.44
139,Punta Arenas,CL,2021-03-25 01:07:02,-53.15,-70.9167,46.4,76,75,8.05
140,Clyde River,CA,2021-03-25 01:09:24,70.4692,-68.5914,-14.8,76,40,16.11
141,Hwange,ZW,2021-03-25 01:09:25,-18.3693,26.5019,65.46,94,3,2.75
142,Ilulissat,GL,2021-03-25 01:07:42,69.2167,-51.1,-4.0,77,90,5.75
143,Touros,BR,2021-03-25 01:09:25,-5.1989,-35.4608,78.8,83,75,2.3
144,Talnakh,RU,2021-03-25 01:07:27,69.4865,88.3972,15.53,94,100,10.83
145,Harer,ET,2021-03-25 01:09:26,9.3094,42.1258,57.9,31,0,1.48
146,Hofn,IS,2021-03-25 01:07:09,64.2539,-15.2082,35.73,67,100,6.89
147,San Cristobal,VE,2021-03-25 01:09:26,7.7669,-72.225,80.6,78,40,2.3
148,Chute-Aux-Outardes,CA,2021-03-25 01:09:26,49.1168,-68.399,39.2,65,90,13.8
149,Trincomalee,LK,2021-03-25 01:09:27,8.5711,81.2335,81.55,75,100,8.25
150,Acarau,BR,2021-03-25 01:09:27,-2.8856,-40.12,78.1,85,99,7.25
151,Santiago Del Estero,AR,2021-03-25 01:05:58,-27.7951,-64.2615,80.28,57,100,6.76
152,Rio Claro,BR,2021-03-25 01:09:27,-22.4114,-47.5614,78.01,78,0,3.44
153,Oistins,BB,2021-03-25 01:09:27,13.0667,-59.5333,78.8,61,40,16.11
154,Nampula,MZ,2021-03-25 01:09:28,-15.1165,39.2666,73.4,94,40,6.91
155,La Palma,US,2021-03-25 01:09:28,33.8464,-118.0467,69.8,19,1,9.22
156,Oranjemund,NA,2021-03-25 01:04:43,-28.55,16.4333,63.99,84,0,4.54
157,Aksarka,RU,2021-03-25 01:08:14,66.5606,67.7975,9.59,95,37,10.16
158,Arlit,NE,2021-03-25 01:09:29,18.7369,7.3853,73.15,11,0,10.07
159,Erzurum,TR,2021-03-25 01:09:29,40.0,41.5,33.8,69,40,8.05
160,Aurangabad,IN,2021-03-25 01:09:29,19.8833,75.3333,77.34,23,0,8.61
161,Chuy,UY,2021-03-25 01:09:29,-33.6971,-53.4616,66.18,85,1,7.02
162,Pitimbu,BR,2021-03-25 01:09:30,-7.4706,-34.8086,75.2,100,90,5.75
163,Conakry,GN,2021-03-25 01:08:53,9.538,-13.6773,78.44,68,95,5.66
164,Sainte-Maxime,FR,2021-03-25 01:09:30,43.3,6.6333,44.01,87,0,4.09
165,Saint-Augustin,CA,2021-03-25 01:09:30,51.226,-58.6502,27.88,96,100,4.0
166,Carcassonne,FR,2021-03-25 01:05:01,43.25,2.1667,50.0,71,0,12.66
167,Asekeyevo,RU,2021-03-25 01:09:31,53.5742,52.7972,29.79,90,100,6.91
168,Awjilah,LY,2021-03-25 01:09:31,29.1081,21.2869,56.62,44,96,12.5
169,Pozo Colorado,PY,2021-03-25 01:09:32,-23.4923,-58.7972,79.0,58,2,5.53
170,Parole,US,2021-03-25 01:08:29,38.9796,-76.5305,57.99,100,90,5.75
171,Verkhnyaya Sinyachikha,RU,2021-03-25 01:09:32,57.976,61.6673,24.15,90,12,8.16
172,Kutum,SD,2021-03-25 01:09:32,14.2,24.6667,72.86,19,12,7.99
173,Buchanan,LR,2021-03-25 01:09:32,5.8808,-10.0467,78.17,90,100,2.68
174,Mindszent,HU,2021-03-25 01:09:33,46.5236,20.1904,34.0,67,7,5.37
175,High Rock,BS,2021-03-25 01:09:33,26.6208,-78.2833,73.4,78,10,5.75
176,Aksu,CN,2021-03-25 01:09:33,41.1231,80.2644,49.03,25,100,4.97
177,Abapo,BO,2021-03-25 01:09:34,-18.8333,-63.4667,67.06,83,49,3.04
178,Iskateley,RU,2021-03-25 01:09:34,67.6803,53.1512,30.81,97,100,16.24
179,Maceio,BR,2021-03-25 01:09:04,-9.6658,-35.7353,75.2,94,75,3.44
180,Beloha,MG,2021-03-25 01:07:17,-25.1667,45.05,66.18,91,19,4.41
181,Umm Lajj,SA,2021-03-25 01:07:24,25.0213,37.2685,70.5,39,0,14.83
182,Kuusamo,FI,2021-03-25 01:09:34,65.9667,29.1833,33.8,69,0,18.41
183,Hambantota,LK,2021-03-25 01:09:35,6.1241,81.1185,75.2,100,40,10.56
184,Port-Cartier,CA,2021-03-25 01:09:35,50.0334,-66.8654,37.0,55,100,9.22
185,Buraydah,SA,2021-03-25 01:09:35,26.326,43.975,77.0,38,0,9.22
186,Umm Kaddadah,SD,2021-03-25 01:08:08,13.6017,26.6876,79.16,16,13,7.96
187,Kapuskasing,CA,2021-03-25 01:09:36,49.4169,-82.4331,33.8,93,100,4.61
188,Sao Jose Da Coroa Grande,BR,2021-03-25 01:09:36,-8.8978,-35.1478,78.42,78,8,8.41
189,Ribeira Brava,PT,2021-03-25 01:09:36,32.65,-17.0667,57.0,78,100,3.0
190,Dickson,US,2021-03-25 01:09:36,36.077,-87.3878,66.2,45,1,3.8
191,Nizwa,OM,2021-03-25 01:09:37,22.9333,57.5333,69.28,47,9,1.43
192,Belyy Yar,RU,2021-03-25 01:07:20,53.6039,91.3903,28.4,50,0,13.42
193,Lagoa,PT,2021-03-25 01:09:37,39.05,-27.9833,56.34,66,21,3.29
194,North Adams,US,2021-03-25 01:09:38,42.7009,-73.1087,50.0,87,90,8.05
195,Le Port,RE,2021-03-25 01:09:38,-20.9373,55.2919,77.0,83,20,8.05
196,Cobija,BO,2021-03-25 01:09:38,-11.0267,-68.7692,72.55,98,100,2.08
197,Tiganesti,RO,2021-03-25 01:09:38,43.9,25.3667,36.0,83,79,4.99
198,Codrington,AU,2021-03-25 01:08:01,-38.2667,141.9667,63.64,67,9,17.43
199,Berlevag,NO,2021-03-25 01:06:38,70.8578,29.0864,32.13,83,20,16.42
200,San Luis,AR,2021-03-25 01:09:39,-33.295,-66.3356,66.63,59,39,5.97
201,Mendoza,AR,2021-03-25 01:09:18,-32.8908,-68.8272,75.2,50,75,5.75
202,Fagersta,SE,2021-03-25 01:09:39,60.0042,15.7932,37.99,87,20,11.5
203,Bokoro,TD,2021-03-25 01:07:41,12.3807,17.0568,84.09,18,11,8.7
204,Tshikapa,CD,2021-03-25 01:09:40,-6.4167,20.8,68.52,95,100,2.37
205,Leh,IN,2021-03-25 01:09:40,34.1667,77.5833,21.34,76,97,3.02
206,Ponta Delgada,PT,2021-03-25 01:08:40,37.7333,-25.6667,55.4,71,20,4.61
207,Nogent-Le-Rotrou,FR,2021-03-25 01:09:41,48.3333,1.0,44.01,93,90,3.44
208,Antofagasta,CL,2021-03-25 01:07:21,-23.65,-70.4,62.6,82,0,8.05
209,Hobyo,SO,2021-03-25 01:05:34,5.3505,48.5268,77.38,63,11,12.03
210,Wattegama,LK,2021-03-25 01:09:41,6.7989,81.4808,75.2,100,40,3.62
211,Mbandaka,CD,2021-03-25 01:09:41,0.0487,18.2603,71.38,98,100,5.77
212,Nyimba,ZM,2021-03-25 01:09:42,-14.5566,30.8149,63.19,95,0,3.58
213,Sechura,PE,2021-03-25 01:09:42,-5.5569,-80.8222,76.35,66,100,15.99
214,Iralaya,HN,2021-03-25 01:09:43,15.0,-83.2333,80.6,78,20,11.5
215,Rio Grande,BR,2021-03-25 01:09:43,-32.035,-52.0986,71.01,87,0,11.63
216,Castro,BR,2021-03-25 01:08:04,-24.7911,-50.0119,65.21,88,61,2.8
217,Paita,PE,2021-03-25 01:09:43,-5.0892,-81.1144,73.87,77,100,11.99
218,Odweyne,SO,2021-03-25 01:09:43,9.4092,45.064,66.24,34,6,1.99
219,Zadonsk,RU,2021-03-25 01:09:44,52.3904,38.9261,32.0,69,75,8.95
220,Iracoubo,GF,2021-03-25 01:09:44,5.4802,-53.2011,76.91,85,91,9.6
221,Konakovo,RU,2021-03-25 01:09:44,56.7,36.7667,27.28,97,37,4.38
222,Kolda,SN,2021-03-25 01:09:45,12.8833,-14.95,86.0,42,96,4.61
223,Qaqortoq,GL,2021-03-25 01:09:45,60.7167,-46.0333,15.8,53,75,14.97
224,Bonito,BR,2021-03-25 01:09:02,-21.1211,-56.4819,74.98,63,89,0.54
225,Havelock,US,2021-03-25 01:09:45,34.8791,-76.9013,63.0,100,1,5.75
226,Turayf,SA,2021-03-25 01:09:46,31.6725,38.6637,48.2,71,0,9.22
227,Cayenne,GF,2021-03-25 01:09:46,4.9333,-52.3333,81.0,94,20,2.3
228,Salinopolis,BR,2021-03-25 01:09:46,-0.6136,-47.3561,76.71,90,100,8.28
229,Taltal,CL,2021-03-25 01:09:46,-25.4,-70.4833,67.42,78,6,4.16
230,Agadez,NE,2021-03-25 01:09:47,19.75,10.25,65.79,14,0,12.24
231,Nefteyugansk,RU,2021-03-25 01:09:47,61.0998,72.6035,23.0,100,75,4.47
232,Trinidad,BO,2021-03-25 01:08:27,-14.8333,-64.9,73.83,96,84,3.44
233,Sakakah,SA,2021-03-25 01:09:07,29.9697,40.2064,60.8,20,0,12.66
234,Rocha,UY,2021-03-25 01:09:48,-34.4833,-54.3333,61.9,90,2,6.08
235,Hammerfest,NO,2021-03-25 01:08:11,70.6634,23.6821,33.8,93,75,9.22
236,Brigantine,US,2021-03-25 01:09:48,39.4101,-74.3646,59.0,94,90,3.44
237,Bull Savanna,JM,2021-03-25 01:09:48,17.8868,-77.5902,74.59,81,13,9.75
238,Rio Gallegos,AR,2021-03-25 01:07:36,-51.6226,-69.2181,46.4,61,0,16.11
239,Yar-Sale,RU,2021-03-25 01:09:49,66.8333,70.8333,9.63,95,38,11.41
240,Pontypridd,GB,2021-03-25 01:09:49,51.6021,-3.3421,43.0,92,22,5.01
241,Camacupa,AO,2021-03-25 01:09:49,-12.0167,17.4833,61.21,97,99,3.04
242,Pauini,BR,2021-03-25 01:09:50,-7.7136,-66.9764,72.68,98,94,2.64
243,Orlat,RO,2021-03-25 01:09:50,45.75,23.9667,28.4,74,0,9.22
244,Wellington,NZ,2021-03-25 01:06:28,-41.2866,174.7756,68.0,68,90,6.91
245,Sembe,CG,2021-03-25 01:09:50,1.6481,14.5806,70.68,98,100,4.79
246,Skibbereen,IE,2021-03-25 01:07:54,51.55,-9.2667,41.0,93,40,8.05
247,Santa Isabel Do Rio Negro,BR,2021-03-25 01:09:51,-0.4139,-65.0192,73.31,94,100,2.77
248,Tabuk,PH,2021-03-25 01:09:51,17.4189,121.4443,78.49,76,3,3.71
249,Ndioum,SN,2021-03-25 01:09:51,16.5129,-14.6471,84.2,34,0,2.3
250,Doune,GB,2021-03-25 01:09:51,56.1899,-4.0529,44.01,83,100,3.0
251,Kilembe,UG,2021-03-25 01:09:52,0.2,30.0,64.94,63,100,3.94
252,Ancud,CL,2021-03-25 01:08:56,-41.8697,-73.8203,53.01,81,0,6.91
253,Adrar,MR,2021-03-25 01:09:52,20.5022,-10.0711,70.88,11,0,11.99
254,Sao Joao Da Barra,BR,2021-03-25 01:07:17,-21.6403,-41.0511,76.41,88,3,3.83
255,Darovskoy,RU,2021-03-25 01:09:52,58.77,47.9564,33.53,95,100,8.84
256,Sept-Iles,CA,2021-03-25 01:09:53,50.2001,-66.3821,37.4,55,100,9.22
257,Ostersund,SE,2021-03-25 01:09:53,63.1792,14.6357,35.6,60,100,4.61
258,Little Current,CA,2021-03-25 01:09:53,45.9793,-81.9248,48.99,87,78,3.44
259,Saint-Orens-De-Gameville,FR,2021-03-25 01:09:53,43.554,1.5341,48.2,87,75,12.66
260,Bindura,ZW,2021-03-25 01:09:54,-17.3019,31.3306,61.0,93,14,1.01
261,Jumla,NP,2021-03-25 01:08:23,29.2747,82.1838,33.62,68,0,5.86
262,Abu Dhabi,AE,2021-03-25 01:05:48,24.4667,54.3667,77.0,68,0,2.3
263,Novaya Ladoga,RU,2021-03-25 01:09:54,60.1025,32.3019,36.0,46,100,10.76
264,Santarem,BR,2021-03-25 01:09:54,-2.4431,-54.7083,77.0,94,75,5.75
265,Samarkand,UZ,2021-03-25 01:09:55,39.6542,66.9597,64.4,27,100,11.5
266,Abha,SA,2021-03-25 01:09:55,18.2164,42.5053,60.8,51,0,6.91
267,Altamira,BR,2021-03-25 01:09:55,-3.2033,-52.2064,71.91,98,100,4.29
268,Bunia,CD,2021-03-25 01:09:56,1.5667,30.25,67.64,63,100,0.27
269,Ribeira Grande,PT,2021-03-25 01:09:56,38.5167,-28.7,56.97,63,20,3.53
270,Henties Bay,NA,2021-03-25 01:05:28,-22.116,14.2845,62.01,94,22,4.0
271,Kortkeros,RU,2021-03-25 01:09:56,61.8106,51.5806,32.0,80,0,11.18
272,Fernan-Nunez,ES,2021-03-25 01:09:57,37.6884,-4.7247,52.0,81,0,4.61
273,Ouango,CF,2021-03-25 01:09:57,4.3133,22.5552,70.2,95,100,2.04
274,Bar Harbor,US,2021-03-25 01:09:57,44.3876,-68.2039,42.01,76,100,1.99
275,Lincoln,US,2021-03-25 01:07:09,40.8,-96.667,46.99,65,20,8.05
276,Carnarvon,AU,2021-03-25 01:09:58,-24.8667,113.6333,75.2,73,21,17.27
277,Cascais,PT,2021-03-25 01:09:58,38.6979,-9.4215,54.0,76,77,11.99
278,Rognan,NO,2021-03-25 01:09:58,67.0953,15.3878,36.0,90,95,15.37
279,Sorrento,IT,2021-03-25 01:09:58,40.626,14.3744,50.0,81,0,5.75
280,Goure,NE,2021-03-25 01:09:59,13.9835,10.2704,80.01,9,100,11.01
281,Tazovskiy,RU,2021-03-25 01:07:20,67.4667,78.7,-4.47,100,100,6.71
282,Mumford,GH,2021-03-25 01:09:13,5.2618,-0.759,80.46,84,100,14.16
283,Muros,ES,2021-03-25 01:08:36,42.7762,-9.0603,44.01,91,95,5.01
284,Aswan,EG,2021-03-25 01:09:59,24.0934,32.907,62.89,24,1,10.0
285,Uzhur,RU,2021-03-25 01:10:00,55.3036,89.8339,23.45,79,100,10.94
286,Dubovka,RU,2021-03-25 01:10:00,49.0583,44.829,33.8,93,75,20.13
287,Follonica,IT,2021-03-25 01:10:00,42.9263,10.7616,48.0,69,0,6.13
288,Tabas,IR,2021-03-25 01:10:01,33.5959,56.9244,77.02,18,98,13.56
289,Richards Bay,ZA,2021-03-25 01:10:01,-28.783,32.0377,69.64,68,100,3.4
290,Plettenberg Bay,ZA,2021-03-25 01:10:02,-34.0527,23.3716,65.57,89,100,6.96
291,Matam,SN,2021-03-25 01:10:04,15.6175,-13.3303,91.4,18,0,4.61
292,Saint George,US,2021-03-25 01:10:04,37.1041,-113.5841,63.0,12,1,11.5
293,Maarianhamina,AX,2021-03-25 01:08:12,60.0973,19.9348,41.0,81,0,5.75
294,Nizhnevartovsk,RU,2021-03-25 01:10:04,60.9344,76.5531,21.2,93,75,6.71
295,Lerwick,GB,2021-03-25 01:10:05,60.1545,-1.1494,44.6,81,90,26.46
296,Muisne,EC,2021-03-25 01:10:05,0.6,-80.0333,76.26,84,100,4.65
297,Marawi,PH,2021-03-25 01:08:22,7.9986,124.2928,82.99,72,100,3.0
298,Ramygala,LT,2021-03-25 01:10:05,55.5167,24.3,35.6,87,90,3.44
299,Thinadhoo,MV,2021-03-25 01:10:06,0.5333,72.9333,82.24,72,89,9.53
300,Viedma,AR,2021-03-25 01:08:47,-40.8135,-62.9967,60.89,61,100,13.35
301,Ariquemes,BR,2021-03-25 01:10:06,-9.9133,-63.0408,72.3,98,100,1.14
302,Gat,IL,2021-03-25 01:10:07,31.61,34.7642,57.99,100,96,9.86
303,Pedernales,DO,2021-03-25 01:10:07,18.0384,-71.744,78.1,72,2,7.38
304,Pangody,RU,2021-03-25 01:10:07,65.85,74.4859,4.28,97,98,9.69
305,Sozimskiy,RU,2021-03-25 01:10:08,59.7418,52.2482,32.11,96,100,10.07
306,Maltahohe,NA,2021-03-25 01:10:08,-24.8333,16.9833,68.61,36,0,11.79
307,Camopi,GF,2021-03-25 01:10:08,3.1655,-52.3158,71.19,98,100,1.95
308,Shubarkuduk,KZ,2021-03-25 01:10:09,49.1447,56.4872,31.77,90,100,22.46
309,Los Palacios,CU,2021-03-25 01:06:06,22.5872,-83.2486,74.61,83,13,7.83
310,Bara,NG,2021-03-25 01:10:09,10.3744,10.7288,79.23,60,90,9.28
311,Geraldton,AU,2021-03-25 01:06:30,-28.7667,114.6,69.8,52,0,12.66
312,Bonavista,CA,2021-03-25 01:10:10,48.6499,-53.1147,35.01,86,100,1.14
313,Tyukhtet,RU,2021-03-25 01:10:10,56.5389,89.3011,24.24,92,100,12.41
314,Eregli,TR,2021-03-25 01:10:10,37.5133,34.0467,27.1,94,100,15.75
315,York,US,2021-03-25 01:10:11,40.1254,-77.0,57.2,88,90,2.21
316,Verkhnyaya Inta,RU,2021-03-25 01:10:11,65.9811,60.3094,27.7,91,100,15.32
317,Sigayevo,RU,2021-03-25 01:10:11,56.4216,53.7757,25.0,77,100,4.25
318,Inirida,CO,2021-03-25 01:07:45,3.8653,-67.9239,73.89,93,16,2.21
319,Manoel Urbano,BR,2021-03-25 01:10:12,-8.8389,-69.2597,74.21,93,94,2.13
320,Great Yarmouth,GB,2021-03-25 01:10:12,52.6083,1.7305,43.0,93,57,8.05
321,Ostrovnoy,RU,2021-03-25 01:06:23,68.0531,39.5131,33.87,85,72,18.81
322,Mtambile,TZ,2021-03-25 01:10:12,-5.3833,39.7,80.56,72,3,3.09
323,Umm Bab,QA,2021-03-25 01:10:13,25.2142,50.8072,77.0,68,1,5.75
324,Kayerkan,RU,2021-03-25 01:10:13,69.3497,87.7602,15.17,92,100,8.59
325,Slavutych,UA,2021-03-25 01:10:14,51.5196,30.7343,26.76,93,16,5.44
326,Albany,US,2021-03-25 01:08:13,42.6001,-73.9662,52.0,84,100,1.99
327,Naryan-Mar,RU,2021-03-25 01:10:14,67.6713,53.087,31.05,97,100,16.31
328,Mazamet,FR,2021-03-25 01:10:14,43.49,2.373,42.8,81,0,3.44
329,Polunochnoye,RU,2021-03-25 01:10:14,60.8697,60.4153,13.95,95,35,3.76
330,Paracuru,BR,2021-03-25 01:10:15,-3.41,-39.0306,82.0,73,88,14.0
331,Kapiri Mposhi,ZM,2021-03-25 01:10:15,-13.9652,28.6809,58.82,98,30,3.83
332,Marondera,ZW,2021-03-25 01:10:15,-18.1853,31.5519,53.2,97,17,3.29
333,Nicoya,CR,2021-03-25 01:10:16,10.1483,-85.452,82.4,61,0,5.75
334,Calvinia,ZA,2021-03-25 01:10:16,-31.4707,19.776,67.44,47,0,2.75
335,Kelo,TD,2021-03-25 01:07:09,9.3086,15.8066,82.29,53,94,7.72
336,Constantine,DZ,2021-03-25 01:10:16,36.365,6.6147,35.6,87,0,2.3
337,Duki,PK,2021-03-25 01:10:17,30.1541,68.5728,59.65,46,55,4.76
338,Bursa,TR,2021-03-25 01:10:17,40.1667,29.0833,33.8,86,75,4.61
339,Halifax,CA,2021-03-25 01:09:59,44.6453,-63.5724,45.0,93,100,3.44
340,Kharovsk,RU,2021-03-25 01:10:17,59.9642,40.1912,32.07,94,69,8.88
341,Gilgit,PK,2021-03-25 01:10:18,35.9221,74.3087,37.78,79,92,4.43
342,Puerto Ayora,EC,2021-03-25 01:08:33,-0.7393,-90.3518,77.0,93,22,1.01
343,Totskoye,RU,2021-03-25 01:10:18,52.5248,52.7623,29.7,91,100,14.72
344,Vestmannaeyjar,IS,2021-03-25 01:10:19,63.4427,-20.2734,35.76,53,100,1.66
345,Forio,IT,2021-03-25 01:10:19,40.7342,13.8646,54.0,57,0,7.67
346,Breves,BR,2021-03-25 01:07:44,-1.6822,-50.4803,73.11,97,100,4.9
347,Mineros,BO,2021-03-25 01:10:19,-17.1167,-63.2333,73.4,94,75,2.3
348,Kemijarvi,FI,2021-03-25 01:10:20,66.7131,27.4306,33.58,70,11,19.71
349,Marrakesh,MA,2021-03-25 01:08:55,31.6315,-8.0083,55.4,54,0,6.91
350,Dolores,AR,2021-03-25 01:06:56,-36.3132,-57.6792,65.37,88,7,7.74
351,Talara,PE,2021-03-25 01:08:20,-4.5772,-81.2719,73.36,78,100,8.5
352,Salonta,RO,2021-03-25 01:10:20,46.8,21.65,27.0,80,20,3.44
353,Humaita,BR,2021-03-25 01:07:46,-7.5061,-63.0208,71.17,99,92,1.9
354,Puerto Ayacucho,VE,2021-03-25 01:10:20,5.6639,-67.6236,78.94,77,100,3.42
355,Lambarene,GA,2021-03-25 01:10:21,-0.7001,10.2406,73.04,95,100,1.39
356,Rubiataba,BR,2021-03-25 01:10:21,-15.1644,-49.8033,70.38,80,85,2.28
357,Ape,LV,2021-03-25 01:10:21,57.5393,26.6929,36.82,87,100,7.11
358,Santo Antonio Do Sudoeste,BR,2021-03-25 01:10:22,-26.0736,-53.7253,65.16,98,100,3.42
359,Dedza,MW,2021-03-25 01:10:22,-14.3779,34.3332,54.37,95,13,1.97
360,Masvingo,ZW,2021-03-25 01:10:22,-20.0637,30.8277,57.04,86,0,4.12
361,Kaka,TM,2021-03-25 01:10:23,37.3482,59.6143,80.87,21,100,16.73
362,Mahibadhoo,MV,2021-03-25 01:08:07,3.7833,72.9667,82.18,70,98,2.91
363,Dubasari,MD,2021-03-25 01:10:23,47.2631,29.1608,35.6,75,0,11.5
364,Barysh,RU,2021-03-25 01:10:24,53.6553,47.1123,16.9,98,80,4.07
365,Husavik,IS,2021-03-25 01:10:24,66.0449,-17.3389,33.8,51,0,5.75
366,Yalutorovsk,RU,2021-03-25 01:10:24,56.6536,66.3006,23.16,93,83,9.15
367,Santa Rosa,PH,2021-03-25 01:10:25,14.3122,121.1114,87.01,58,20,3.44
368,Maneromango,TZ,2021-03-25 01:10:25,-7.1988,38.7848,69.91,96,28,0.47
369,Cabedelo,BR,2021-03-25 01:10:25,-6.9811,-34.8339,75.2,100,90,5.75
370,Nara,JP,2021-03-25 01:10:25,34.6851,135.8049,60.01,72,75,4.61
371,Totness,SR,2021-03-25 01:10:26,5.8833,-56.3167,76.35,89,100,9.55
372,Aden,YE,2021-03-25 01:10:14,12.7794,45.0367,78.98,64,0,9.35
373,Trairi,BR,2021-03-25 01:10:26,-3.2778,-39.2689,76.3,90,100,4.99
374,Barao De Melgaco,BR,2021-03-25 01:10:26,-16.1944,-55.9675,78.8,78,0,9.22
375,Vizianagaram,IN,2021-03-25 01:10:27,18.1167,83.4167,71.6,88,54,2.3
376,Paulo Ramos,BR,2021-03-25 01:10:27,-4.2167,-45.1833,73.78,96,100,3.18
377,Porto Velho,BR,2021-03-25 01:10:27,-8.7619,-63.9039,77.0,88,20,4.61
378,Chimbote,PE,2021-03-25 01:10:28,-9.0853,-78.5783,70.74,80,93,5.28
379,Pregradnaya,RU,2021-03-25 01:10:28,43.9508,41.1994,28.33,94,100,1.25
380,Jalu,LY,2021-03-25 01:10:28,29.0331,21.5482,53.74,52,51,9.6
381,Stolbovaya,RU,2021-03-25 01:10:29,55.2528,37.4853,27.0,68,75,2.24
382,Manama,BH,2021-03-25 01:10:29,26.2154,50.5832,78.8,50,0,8.05
383,Vidisha,IN,2021-03-25 01:10:29,23.5333,77.8167,71.62,26,0,5.91
384,Gorele,TR,2021-03-25 01:10:29,41.0308,39.0031,41.0,81,75,13.8
385,Lyngseidet,NO,2021-03-25 01:10:30,69.5763,20.2189,41.0,75,75,27.63
386,Oran,DZ,2021-03-25 01:10:30,35.6911,-0.6417,51.8,76,0,3.44
387,Gornopravdinsk,RU,2021-03-25 01:10:30,60.05,69.9,24.42,97,100,4.43
388,Tevriz,RU,2021-03-25 01:02:47,57.509,72.4042,28.45,96,100,8.59
389,Miraflores,MX,2021-03-25 01:02:47,19.2167,-98.8083,77.0,16,1,13.8
390,Tokmak,UA,2021-03-25 01:02:48,47.2514,35.7058,33.73,98,100,8.77
391,Esil,KZ,2021-03-25 01:02:48,51.9556,66.4042,4.73,99,100,3.51
392,Vila Franca Do Campo,PT,2021-03-25 01:02:48,37.7167,-25.4333,55.4,71,20,4.61
393,Derventa,BA,2021-03-25 01:01:06,44.9772,17.9103,41.0,81,20,3.44
394,Bata,GQ,2021-03-25 01:02:48,1.8639,9.7658,73.4,100,75,3.91
395,Barvinkove,UA,2021-03-25 01:02:49,48.9097,37.0205,32.72,98,100,13.15
396,Ihosy,MG,2021-03-25 01:02:49,-22.4,46.1167,66.79,97,97,2.82
397,Jind,IN,2021-03-25 01:02:50,29.3167,76.3167,61.23,52,0,6.69
398,Ayorou,NE,2021-03-25 01:02:50,14.7308,0.9174,83.23,9,98,12.5
399,Rafai,CF,2021-03-25 01:02:50,4.95,23.9167,69.01,88,97,1.43
400,Kisangani,CD,2021-03-25 01:02:51,0.5167,25.2,70.54,98,95,1.79
401,Dhidhdhoo,MV,2021-03-25 01:02:51,6.8833,73.1,81.99,74,69,4.94
402,Epe,NG,2021-03-25 01:02:51,6.5841,3.9834,78.17,82,88,6.69
403,Toamasina,MG,2021-03-25 01:02:51,-18.1667,49.3833,77.0,94,75,3.44
404,Nsanje,MW,2021-03-25 01:02:52,-16.92,35.262,68.52,97,5,1.36
405,Ambilobe,MG,2021-03-25 01:02:52,-13.2,49.05,73.56,96,6,1.83
406,Nuqui,CO,2021-03-25 01:02:52,5.7125,-77.2708,78.93,82,100,2.53
407,Mucurapo,TT,2021-03-25 01:02:53,10.6667,-61.5333,77.0,78,20,5.75
408,Meulaboh,ID,2021-03-25 01:02:53,4.1363,96.1285,77.02,83,72,1.79
409,Mosetse,BW,2021-03-25 01:02:53,-20.75,26.65,65.39,67,41,8.97
410,Rusape,ZW,2021-03-25 01:02:54,-18.5278,32.1284,55.51,96,0,1.5
411,Inhambane,MZ,2021-03-25 01:02:54,-23.865,35.3833,70.07,84,28,6.22
412,At-Bashi,KG,2021-03-25 01:02:54,41.1702,75.8106,27.39,55,100,1.77
413,Namwala,ZM,2021-03-25 01:02:54,-15.7504,26.4384,61.29,98,26,3.8
414,Oksfjord,NO,2021-03-25 01:02:55,70.2396,22.3479,37.4,81,75,9.22
415,Santa Fe,AR,2021-03-25 01:02:55,-31.6333,-60.7,75.99,89,8,6.76
416,Alberton,CA,2021-03-25 01:02:55,46.8168,-64.0654,51.8,40,100,12.66
417,Sindgi,IN,2021-03-25 01:02:56,16.9167,76.2333,80.42,28,20,5.26
418,Tocopilla,CL,2021-03-25 01:02:56,-22.092,-70.1979,69.82,72,13,6.4
419,Ajdabiya,LY,2021-03-25 01:02:56,30.7554,20.2263,56.52,53,100,11.77
420,La Rioja,ES,2021-03-25 00:59:18,42.25,-2.5,48.99,93,0,8.05
421,Yuzhno-Sukhokumsk,RU,2021-03-25 01:02:57,44.6581,45.6436,39.0,85,100,20.22
422,Zhezkazgan,KZ,2021-03-25 01:02:57,47.8043,67.7144,22.06,83,100,8.55
423,Salalah,OM,2021-03-25 01:02:57,17.0151,54.0924,75.2,83,20,1.14
424,Garowe,SO,2021-03-25 01:02:57,8.4054,48.4845,64.54,83,0,6.91
425,Umtata,ZA,2021-03-25 01:02:58,-31.5889,28.7844,60.8,82,100,5.75
426,Mossendjo,CG,2021-03-25 01:02:58,-2.9506,12.7261,67.48,99,100,1.97
427,Karpathos,GR,2021-03-25 01:02:59,35.507,27.2132,50.0,57,39,17.27
428,Verishen,AM,2021-03-25 01:02:59,39.5356,46.3122,35.35,78,31,6.98
429,Murovani Kurylivtsi,UA,2021-03-25 01:02:59,48.7235,27.5189,30.85,68,100,8.32
430,Kamenka,RU,2021-03-25 01:02:59,51.3223,42.7678,34.0,91,100,15.28
431,Moose Factory,CA,2021-03-25 01:03:00,51.2585,-80.6094,24.8,80,90,11.5
432,Malartic,CA,2021-03-25 01:03:00,48.1335,-78.1328,48.99,76,75,13.8
433,Cascavel,BR,2021-03-25 01:03:00,-24.9558,-53.4553,65.16,93,100,4.14
434,Chapais,CA,2021-03-25 01:03:01,49.7834,-74.8492,46.4,49,90,5.75
435,Jaboticabal,BR,2021-03-25 01:03:01,-21.2547,-48.3222,80.6,57,0,5.75
436,Camabatela,AO,2021-03-25 01:03:01,-8.1881,15.375,64.54,99,100,4.63
437,Ginir,ET,2021-03-25 01:02:16,7.1333,40.7,57.76,26,2,6.58
438,Ciudad Bolivar,VE,2021-03-25 01:03:02,8.1222,-63.5497,85.93,46,98,15.66
439,Isabela,PH,2021-03-25 01:03:02,6.7085,121.9711,86.0,74,20,10.36
440,Imbituba,BR,2021-03-25 01:01:39,-28.24,-48.6703,75.2,83,75,9.22
441,Ferme-Neuve,CA,2021-03-25 01:03:02,46.7001,-75.4493,46.4,100,100,6.91
442,Benjamin Constant,BR,2021-03-25 01:03:03,-4.3831,-70.0311,75.2,100,75,2.51
443,Hun,LY,2021-03-25 01:03:03,29.1268,15.9477,48.02,62,6,3.31
444,Antalaha,MG,2021-03-25 01:03:04,-14.9003,50.2788,74.89,90,4,3.31
445,Cockburn Town,TC,2021-03-25 01:03:04,21.4612,-71.1419,77.0,73,40,13.8
446,Soyo,AO,2021-03-25 01:03:04,-6.1349,12.3689,78.1,78,100,3.44
447,Lagos,NG,2021-03-25 01:02:10,6.5833,3.75,79.36,78,100,7.14
448,Andenes,NO,2021-03-25 01:03:05,69.3143,16.1194,37.4,87,75,36.82
449,Tapiramuta,BR,2021-03-25 01:03:05,-11.8472,-40.7914,65.48,72,8,6.31
450,Bonthe,SL,2021-03-25 01:03:05,7.5264,-12.505,77.83,80,67,3.83
451,Araguacu,BR,2021-03-25 01:03:06,-12.9306,-49.8264,75.9,75,100,3.4
452,Beyla,GN,2021-03-25 01:03:06,8.6833,-8.6333,75.6,66,99,3.24
453,Campo Grande,BR,2021-03-25 01:03:06,-20.4428,-54.6464,75.2,78,20,9.22
454,Lingolsheim,FR,2021-03-25 01:03:07,48.5575,7.6825,41.0,87,0,1.14
455,Valparaiso,CL,2021-03-25 01:03:07,-33.0393,-71.6273,61.0,88,20,3.44
456,Lahij,YE,2021-03-25 01:03:07,13.1667,44.5833,70.43,29,0,3.38
457,Ramgarh,IN,2021-03-25 01:03:08,23.6333,85.5167,71.6,49,29,6.44
458,Zambezi,ZM,2021-03-25 01:02:13,-13.5432,23.1047,62.58,96,2,4.47
459,Saint-Leu,RE,2021-03-25 01:03:08,-21.15,55.2833,77.0,73,0,6.91
460,Sambava,MG,2021-03-25 01:03:08,-14.2667,50.1667,75.61,91,6,3.89
461,Puri,IN,2021-03-25 01:03:09,19.8,85.85,73.4,73,20,2.3
462,Kismayo,SO,2021-03-25 00:59:10,-0.3582,42.5454,78.94,82,6,9.86
463,Ayni,TJ,2021-03-25 01:03:09,39.3941,68.5377,45.0,63,99,9.51
464,Constitucion,CL,2021-03-25 01:03:09,-35.3333,-72.4167,53.83,83,67,14.67
465,Nikolskoye,RU,2021-03-25 01:03:10,59.7035,30.7861,37.99,81,90,8.95
466,Urucara,BR,2021-03-25 01:03:10,-2.5364,-57.76,73.26,97,100,2.3
467,Ferry Pass,US,2021-03-25 01:03:10,30.5102,-87.2125,68.0,94,90,10.36
468,Matay,EG,2021-03-25 01:03:11,28.419,30.7792,54.57,63,0,6.17
469,West Kilbride,GB,2021-03-25 01:03:11,55.6833,-4.85,44.6,87,20,11.5
470,Pedasi,PA,2021-03-25 01:03:11,7.5333,-80.0333,78.01,72,6,2.86
471,Monrovia,LR,2021-03-25 01:02:08,6.3005,-10.7969,78.19,89,100,3.85
472,Yarega,RU,2021-03-25 01:03:11,63.4354,53.5765,32.18,95,100,12.59
473,Riberalta,BO,2021-03-25 00:58:29,-10.9833,-66.1,73.69,93,100,1.48
474,Panambi,BR,2021-03-25 01:02:45,-28.2925,-53.5017,69.91,87,95,5.93
475,Kostomuksha,RU,2021-03-25 01:03:12,64.571,30.5767,31.51,91,31,13.47
476,Palencia,ES,2021-03-25 01:03:12,42.4167,-4.5,43.0,89,59,3.0
477,Diplo,PK,2021-03-25 01:03:12,24.4667,69.584,72.28,26,0,1.95
478,Jinka,ET,2021-03-25 01:03:13,5.65,36.65,63.39,33,33,3.2
479,Tete,MZ,2021-03-25 01:03:13,-16.1564,33.5867,75.0,83,40,3.44
480,Belmonte,BR,2021-03-25 00:59:08,-15.8631,-38.8828,78.8,73,0,9.22
481,Orangeburg,US,2021-03-25 01:03:14,33.4918,-80.8557,69.8,68,1,5.75
482,Santa Vitoria Do Palmar,BR,2021-03-25 00:59:30,-33.5189,-53.3681,66.74,84,0,7.29
483,Seminole,US,2021-03-25 01:03:14,28.7086,-81.2081,73.99,64,1,8.05
484,Siuna,NI,2021-03-25 01:03:14,13.7332,-84.7773,75.29,75,6,5.66
485,Pechenga,RU,2021-03-25 01:03:15,69.5259,31.1703,35.6,60,20,16.11
486,Pisco,PE,2021-03-25 01:03:15,-13.7,-76.2167,68.0,83,0,14.97
487,Mattru,SL,2021-03-25 01:03:15,7.6244,-11.8332,77.11,79,100,0.72
488,Maragogi,BR,2021-03-25 01:02:16,-9.0122,-35.2225,78.01,79,10,7.7
489,Tucuman,AR,2021-03-25 01:03:16,-26.8241,-65.2226,71.6,94,90,2.82
490,Esmeraldas,BR,2021-03-25 01:03:16,-19.7625,-44.3139,75.2,68,0,5.75
491,Carlisle,US,2021-03-25 01:03:16,40.2015,-77.1889,55.99,86,100,2.35
492,Bayonet Point,US,2021-03-25 01:03:16,28.3267,-82.6834,70.0,79,34,4.03
493,Minchinabad,PK,2021-03-25 01:01:08,30.163,73.5685,61.03,58,59,3.22
494,Reconquista,AR,2021-03-25 01:03:17,-29.15,-59.65,76.95,75,50,8.72
495,Iquitos,PE,2021-03-25 01:00:41,-3.7481,-73.2472,78.8,89,75,6.91
496,Rome,US,2021-03-25 01:00:55,34.257,-85.1647,71.6,53,40,3.83
497,Channel-Port Aux Basques,CA,2021-03-25 01:03:18,47.5702,-59.1367,36.48,91,100,12.64
498,Tessalit,ML,2021-03-25 01:03:18,20.1986,1.0114,66.07,10,0,11.7
499,Aguas Formosas,BR,2021-03-25 01:03:18,-17.0822,-40.9358,69.51,75,0,2.53
500,Asbestos,CA,2021-03-25 01:03:18,45.7668,-71.9324,50.0,71,75,8.05
501,Camana,PE,2021-03-25 01:00:25,-16.6228,-72.7111,71.02,83,65,6.87
502,Baie-Comeau,CA,2021-03-25 01:03:19,49.2168,-68.1489,39.2,65,90,13.8
503,Rio Cuarto,AR,2021-03-25 01:03:19,-33.1307,-64.3499,71.6,83,75,11.5
504,Warmbad,NA,2021-03-25 01:03:20,-28.45,18.7333,70.34,47,0,9.19
505,Onda,ES,2021-03-25 01:03:20,39.9667,-0.25,48.99,85,7,3.87
506,Zonguldak,TR,2021-03-25 01:03:20,41.25,31.8333,29.84,94,100,1.61
507,Belaya Kalitva,RU,2021-03-25 01:03:21,48.17,40.78,32.95,99,100,9.28
508,Venado Tuerto,AR,2021-03-25 01:03:21,-33.7456,-61.9688,72.0,99,44,4.0
509,Santa Cruz,BO,2021-03-25 01:00:57,-17.8,-63.1667,73.4,94,75,2.3
510,General Roca,AR,2021-03-25 01:03:21,-39.0333,-67.5833,62.6,36,0,14.97
511,Gayny,RU,2021-03-25 01:03:22,60.3071,54.3241,30.94,93,100,8.5
512,Kalmunai,LK,2021-03-25 01:03:22,7.4167,81.8167,77.88,86,100,2.73
513,Dwarka,IN,2021-03-25 01:03:23,22.2394,68.9678,76.62,66,0,8.79
514,Road Town,VG,2021-03-25 01:03:23,18.4167,-64.6167,78.01,78,40,6.91
515,Mizdah,LY,2021-03-25 01:03:23,31.4451,12.9801,45.43,62,1,5.37
516,Centralia,US,2021-03-25 01:03:23,46.7162,-122.9543,48.0,100,75,3.44
517,Pavlodar,KZ,2021-03-25 01:01:07,52.3,76.95,23.0,86,0,8.95
518,Comodoro Rivadavia,AR,2021-03-25 01:00:01,-45.8667,-67.5,59.0,44,0,4.61
519,Paamiut,GL,2021-03-25 01:03:24,61.994,-49.6678,13.5,84,100,12.5
520,Cordoba,AR,2021-03-25 01:00:27,-31.4135,-64.1811,71.01,100,75,2.3
521,Chanika,TZ,2021-03-25 01:03:24,-5.4167,38.0167,67.26,98,55,2.13
522,Marienburg,PL,2021-03-25 01:03:25,54.0359,19.0266,39.99,74,13,5.19
523,Dawson,US,2021-03-25 01:03:25,31.7735,-84.4466,66.2,94,90,4.61
524,Najran,SA,2021-03-25 01:03:25,17.4924,44.1277,68.0,19,0,5.66
525,Kargopol,RU,2021-03-25 01:03:26,61.5071,38.9456,35.56,88,100,11.41
526,Sinnamary,GF,2021-03-25 01:03:26,5.3833,-52.95,76.73,86,100,9.55
527,Nantucket,US,2021-03-25 01:03:11,41.2835,-70.0995,44.6,100,90,5.75
528,Manga,BF,2021-03-25 01:03:26,11.6636,-1.0731,86.63,9,48,8.19
529,Abdanan,IR,2021-03-25 01:03:27,32.9926,47.4198,60.82,54,99,4.45
530,Bure,ET,2021-03-25 00:59:23,10.7,37.0667,64.24,41,91,3.15
531,Hazleton,US,2021-03-25 01:03:27,40.9584,-75.9746,54.0,100,90,6.91
532,Mahajanga,MG,2021-03-25 01:03:27,-15.7167,46.3167,77.0,94,20,2.3
533,Kaolinovo,BG,2021-03-25 01:03:28,43.6167,27.1167,36.0,82,84,1.01
534,Harper,LR,2021-03-25 01:00:39,4.375,-7.7169,78.04,88,100,0.87
535,Uppsala,SE,2021-03-25 01:03:28,60.0,17.75,41.0,81,100,11.5
536,Carbonia,IT,2021-03-25 01:03:28,39.1672,8.5222,44.01,100,0,6.91
537,Tibiri,NE,2021-03-25 01:01:35,13.5627,7.0485,81.39,15,86,9.28
538,Shar,KZ,2021-03-25 01:03:29,49.5886,81.0453,21.06,86,100,11.43
539,Coihaique,CL,2021-03-25 01:00:33,-45.5752,-72.0662,50.0,62,40,3.44
540,Itum-Kale,RU,2021-03-25 01:03:29,42.7356,45.5758,38.59,97,89,2.86
541,Zilair,RU,2021-03-25 01:03:29,52.2332,57.4392,14.36,99,94,4.18
542,Vredefort,ZA,2021-03-25 01:03:30,-27.0081,27.3646,55.6,94,61,3.11
543,Doha,QA,2021-03-25 01:03:10,25.2867,51.5333,77.0,73,0,10.36
544,Taoudenni,ML,2021-03-25 01:03:31,22.6783,-3.9836,67.71,13,0,12.08
545,Lucea,JM,2021-03-25 01:03:32,18.451,-78.1736,80.6,74,20,4.61
546,Padang,ID,2021-03-25 01:00:18,-0.9492,100.3543,77.0,94,40,2.3
547,Praia,CV,2021-03-25 01:03:32,14.9215,-23.5087,69.26,80,1,16.26
548,Best,NL,2021-03-25 01:03:32,51.5075,5.3903,44.01,93,90,4.61
549,Pombas,CV,2021-03-25 01:03:33,17.1503,-25.0201,66.7,75,54,14.41
550,Borovoy,RU,2021-03-25 01:03:33,55.4333,86.0833,23.0,86,75,13.42
551,Khartoum,SD,2021-03-25 01:03:33,15.5518,32.5324,82.0,18,4,5.01
552,Jodiya,IN,2021-03-25 01:03:34,22.6925,70.306,82.0,49,9,11.07
553,Mbaiki,CF,2021-03-25 01:03:34,3.8678,17.9892,69.42,89,100,1.95
554,Turukhansk,RU,2021-03-25 01:03:34,65.8167,87.9833,20.21,95,100,9.55
555,Kumluca,TR,2021-03-25 01:03:34,36.3703,30.2869,45.28,46,0,7.43
556,Sausar,IN,2021-03-25 01:03:35,21.65,78.7833,68.0,68,0,2.3
557,Quiindy,PY,2021-03-25 01:03:35,-25.9667,-57.2667,72.32,95,29,15.08
558,Mikkeli,FI,2021-03-25 01:03:36,61.6886,27.2723,35.6,93,90,6.91
559,Presidencia Roque Saenz Pena,AR,2021-03-25 01:03:36,-26.7852,-60.4388,81.0,77,29,1.01
560,Ardesen,TR,2021-03-25 01:03:37,41.1911,40.9875,41.0,93,90,6.91
561,Shepsi,RU,2021-03-25 01:03:37,44.0361,39.1489,41.09,88,100,13.67
562,Santiago,CL,2021-03-25 01:00:39,-33.4569,-70.6483,64.99,63,0,17.27
563,Brae,GB,2021-03-25 01:03:10,60.3964,-1.353,44.6,81,90,26.46
564,Kolpashevo,RU,2021-03-25 01:03:37,58.3131,82.9089,26.1,93,100,8.72
565,Namangan,UZ,2021-03-25 01:03:38,40.9983,71.6726,53.6,47,13,4.61
566,Sumbe,AO,2021-03-25 01:03:38,-11.2061,13.8437,77.88,88,100,7.0
567,Vasai,IN,2021-03-25 01:03:38,19.47,72.8,80.6,50,0,6.2
568,Mao,ES,2021-03-25 01:03:39,39.8885,4.2658,50.0,93,0,6.91
569,Eyl,SO,2021-03-25 01:03:39,7.9803,49.8164,73.71,73,0,9.62
570,Negombo,LK,2021-03-25 01:01:20,7.2083,79.8358,77.0,88,40,2.3
571,Tsabong,BW,2021-03-25 01:03:39,-26.0217,22.401,67.06,60,0,3.8
572,Aguimes,ES,2021-03-25 01:03:39,27.9054,-15.4461,70.0,28,0,8.05
573,Prado,BR,2021-03-25 01:03:40,-17.3411,-39.2208,76.23,82,0,6.38
574,Chupa,RU,2021-03-25 01:03:40,66.27,33.0549,35.26,76,7,16.89
575,Dunkirk,FR,2021-03-25 01:03:40,51.05,2.3667,48.0,90,100,1.01
576,Poykovskiy,RU,2021-03-25 01:00:25,61.2333,73.3333,23.0,100,75,4.47
577,Ewo,CG,2021-03-25 01:03:41,-0.8725,14.8206,72.95,86,100,9.8
578,Mashhad,IR,2021-03-25 01:03:41,36.297,59.6062,66.2,42,0,9.22
579,Abbeyleix,IE,2021-03-25 01:03:41,52.8992,-7.3575,43.0,94,100,3.0
580,Emba,KZ,2021-03-25 01:03:41,48.8264,58.1442,30.97,88,100,20.62
581,Nuuk,GL,2021-03-25 01:03:42,64.1835,-51.7216,6.8,85,75,6.91
